{
  "IcoMoonType": "selection",
  "icons": [
    {
      "icon": {
        "paths": [
          "M658.286 475.429c0-141.143-114.857-256-256-256s-256 114.857-256 256 114.857 256 256 256 256-114.857 256-256zM950.857 950.857c0 40-33.143 73.143-73.143 73.143-19.429 0-38.286-8-51.429-21.714l-196-195.429c-66.857 46.286-146.857 70.857-228 70.857-222.286 0-402.286-180-402.286-402.286s180-402.286 402.286-402.286 402.286 180 402.286 402.286c0 81.143-24.571 161.143-70.857 228l196 196c13.143 13.143 21.143 32 21.143 51.429z"
        ],
        "width": 950.8571428571428,
        "attrs": [],
        "isMulticolor": false,
        "isMulticolor2": false,
        "tags": [
          "search"
        ],
        "defaultCode": 61442,
        "grid": 14
      },
      "attrs": [],
      "properties": {
        "name": "search3",
        "id": 6,
        "order": 7,
        "prevSize": 28,
        "code": 61442
      },
      "setIdx": 0,
      "setId": 3,
      "iconIdx": 6
    },
    {
      "icon": {
        "paths": [
          "M741.714 755.429c0 14.286-5.714 28.571-16 38.857l-77.714 77.714c-10.286 10.286-24.571 16-38.857 16s-28.571-5.714-38.857-16l-168-168-168 168c-10.286 10.286-24.571 16-38.857 16s-28.571-5.714-38.857-16l-77.714-77.714c-10.286-10.286-16-24.571-16-38.857s5.714-28.571 16-38.857l168-168-168-168c-10.286-10.286-16-24.571-16-38.857s5.714-28.571 16-38.857l77.714-77.714c10.286-10.286 24.571-16 38.857-16s28.571 5.714 38.857 16l168 168 168-168c10.286-10.286 24.571-16 38.857-16s28.571 5.714 38.857 16l77.714 77.714c10.286 10.286 16 24.571 16 38.857s-5.714 28.571-16 38.857l-168 168 168 168c10.286 10.286 16 24.571 16 38.857z"
        ],
        "width": 804.5714285714286,
        "attrs": [],
        "isMulticolor": false,
        "isMulticolor2": false,
        "tags": [
          "close",
          "remove",
          "times"
        ],
        "defaultCode": 61453,
        "grid": 14
      },
      "attrs": [],
      "properties": {
        "name": "close2, remove, times",
        "id": 17,
        "order": 8,
        "prevSize": 28,
        "code": 61453
      },
      "setIdx": 0,
      "setId": 3,
      "iconIdx": 17
    },
    {
      "icon": {
        "paths": [
          "M219.429 877.714h438.857v-219.429h-438.857v219.429zM731.429 877.714h73.143v-512c0-10.857-9.714-34.286-17.143-41.714l-160.571-160.571c-8-8-30.286-17.143-41.714-17.143v237.714c0 30.286-24.571 54.857-54.857 54.857h-329.143c-30.286 0-54.857-24.571-54.857-54.857v-237.714h-73.143v731.429h73.143v-237.714c0-30.286 24.571-54.857 54.857-54.857h475.429c30.286 0 54.857 24.571 54.857 54.857v237.714zM512 347.429v-182.857c0-9.714-8.571-18.286-18.286-18.286h-109.714c-9.714 0-18.286 8.571-18.286 18.286v182.857c0 9.714 8.571 18.286 18.286 18.286h109.714c9.714 0 18.286-8.571 18.286-18.286zM877.714 365.714v530.286c0 30.286-24.571 54.857-54.857 54.857h-768c-30.286 0-54.857-24.571-54.857-54.857v-768c0-30.286 24.571-54.857 54.857-54.857h530.286c30.286 0 72 17.143 93.714 38.857l160 160c21.714 21.714 38.857 63.429 38.857 93.714z"
        ],
        "width": 877.7142857142857,
        "attrs": [],
        "isMulticolor": false,
        "isMulticolor2": false,
        "tags": [
          "floppy-o",
          "save"
        ],
        "defaultCode": 61639,
        "grid": 14
      },
      "attrs": [],
      "properties": {
        "name": "floppy-o, save",
        "id": 176,
        "order": 9,
        "prevSize": 28,
        "code": 61639
      },
      "setIdx": 0,
      "setId": 3,
      "iconIdx": 176
    },
    {
      "icon": {
        "paths": [
          "M512 439.603l-362.035-362.035-72.397 72.397 362.035 362.035-362.035 362.035 72.397 72.397 362.035-362.035 362.035 362.035 72.397-72.397-362.035-362.035 362.035-362.035-72.397-72.397-362.035 362.035z"
        ],
        "attrs": [],
        "isMulticolor": false,
        "isMulticolor2": false,
        "tags": [
          "close"
        ],
        "grid": 20
      },
      "attrs": [],
      "properties": {
        "id": 85,
        "order": 5,
        "prevSize": 20,
        "code": 59648,
        "name": "close"
      },
      "setIdx": 1,
      "setId": 2,
      "iconIdx": 84
    },
    {
      "icon": {
        "paths": [
          "M201.728 332.8l-88.064-146.432 72.704-72.704 146.432 88.064c26.624-15.36 56.32-27.648 87.040-35.84l40.96-165.888h102.4l40.96 165.888c30.72 8.192 60.416 20.48 87.040 35.84l146.432-88.064 72.704 72.704-88.064 146.432c15.36 26.624 27.648 56.32 35.84 87.040l165.888 40.96v102.4l-165.888 40.96c-8.192 30.72-20.48 60.416-35.84 87.040l88.064 146.432-72.704 72.704-146.432-88.064c-26.624 15.36-56.32 27.648-87.040 35.84l-40.96 165.888h-102.4l-40.96-165.888c-30.72-8.192-60.416-20.48-87.040-35.84l-146.432 88.064-72.704-72.704 88.064-146.432c-15.36-26.624-27.648-56.32-35.84-87.040l-165.888-40.96v-102.4l165.888-40.96c8.192-30.72 20.48-60.416 35.84-87.040zM512 665.6c84.831 0 153.6-68.769 153.6-153.6s-68.769-153.6-153.6-153.6v0c-84.831 0-153.6 68.769-153.6 153.6s68.769 153.6 153.6 153.6v0z"
        ],
        "attrs": [],
        "isMulticolor": false,
        "isMulticolor2": false,
        "tags": [
          "cog"
        ],
        "grid": 20
      },
      "attrs": [],
      "properties": {
        "id": 92,
        "order": 6,
        "prevSize": 20,
        "code": 59649,
        "name": "cog"
      },
      "setIdx": 1,
      "setId": 2,
      "iconIdx": 91
    },
    {
      "icon": {
        "paths": [
          "M0 102.4c0-56.32 46.080-102.4 102.4-102.4h716.8l204.8 204.8v716.8c0 56.554-45.846 102.4-102.4 102.4v0h-819.2c-56.554 0-102.4-45.846-102.4-102.4v0-819.2zM256 102.4v307.2h512v-307.2h-512zM563.2 153.6h153.6v204.8h-153.6v-204.8z"
        ],
        "attrs": [],
        "isMulticolor": false,
        "isMulticolor2": false,
        "tags": [
          "save-disk"
        ],
        "grid": 20
      },
      "attrs": [],
      "properties": {
        "id": 224,
        "order": 3,
        "prevSize": 20,
        "code": 59650,
        "name": "save-disk"
      },
      "setIdx": 1,
      "setId": 2,
      "iconIdx": 223
    },
    {
      "icon": {
        "paths": [
          "M660.48 733.184c-68.622 53.712-156.164 86.131-251.277 86.131-226.216 0-409.6-183.384-409.6-409.6s183.384-409.6 409.6-409.6c226.216 0 409.6 183.384 409.6 409.6 0 95.113-32.419 182.654-86.809 252.177l0.678-0.9 273.92 272.896-72.704 72.704-272.896-273.408zM409.6 716.8c169.662 0 307.2-137.538 307.2-307.2s-137.538-307.2-307.2-307.2v0c-169.662 0-307.2 137.538-307.2 307.2s137.538 307.2 307.2 307.2v0z"
        ],
        "attrs": [],
        "isMulticolor": false,
        "isMulticolor2": false,
        "tags": [
          "search"
        ],
        "grid": 20
      },
      "attrs": [],
      "properties": {
        "id": 226,
        "order": 4,
        "prevSize": 20,
        "code": 59651,
        "name": "search2"
      },
      "setIdx": 1,
      "setId": 2,
      "iconIdx": 225
    },
    {
      "icon": {
        "paths": [
          "M992.262 871.396l-242.552-206.294c-25.074-22.566-51.89-32.926-73.552-31.926 57.256-67.068 91.842-154.078 91.842-249.176 0-212.078-171.922-384-384-384-212.076 0-384 171.922-384 384s171.922 384 384 384c95.098 0 182.108-34.586 249.176-91.844-1 21.662 9.36 48.478 31.926 73.552l206.294 242.552c35.322 39.246 93.022 42.554 128.22 7.356s31.892-92.898-7.354-128.22zM384 640c-141.384 0-256-114.616-256-256s114.616-256 256-256 256 114.616 256 256-114.614 256-256 256z"
        ],
        "tags": [
          "search",
          "magnifier",
          "magnifying-glass",
          "inspect",
          "find"
        ],
        "defaultCode": 59782,
        "grid": 16,
        "attrs": []
      },
      "attrs": [],
      "properties": {
        "ligatures": "search, magnifier",
        "name": "search",
        "order": 2,
        "id": 135,
        "prevSize": 32,
        "code": 59782
      },
      "setIdx": 2,
      "setId": 1,
      "iconIdx": 134
    }
  ],
  "height": 1024,
  "metadata": {
    "name": "icomoon"
  },